<?xml version="1.0" encoding="UTF-8"?>
<project-private xmlns="http://www.netbeans.org/ns/project-private/1">
    <editor-bookmarks xmlns="http://www.netbeans.org/ns/editor-bookmarks/2" lastBookmarkId="0"/>
    <open-files xmlns="http://www.netbeans.org/ns/projectui-open-files/2">
        <group>
            <file>file:/Users/phatdo/NetBeansProjects/NhapMonKyThuatPM/QLNhaHang-G3/src/ui/ThongKe.java</file>
            <file>file:/Users/phatdo/NetBeansProjects/NhapMonKyThuatPM/QLNhaHang-G3/src/controllers/QLThongKe.java</file>
            <file>file:/Users/phatdo/NetBeansProjects/NhapMonKyThuatPM/QLNhaHang-G3/src/ui/ThemMoi.java</file>
        </group>
    </open-files>
</project-private>
